<annotation>
	<folder>my-project-name</folder>
	<filename> (1166).jpg</filename>
	<path>/my-project-name/ (1166).jpg</path>
	<source>
		<database>Unspecified</database>
	</source>
	<size>
		<width>640</width>
		<height>640</height>
		<depth>3</depth>
	</size>
	<object>
		<name>lience_plate</name>
		<pose>Unspecified</pose>
		<truncated>0</truncated>
		<difficult>0</difficult>
		<bndbox>
			<xmin>154</xmin>
			<ymin>222</ymin>
			<xmax>474</xmax>
			<ymax>283</ymax>
		</bndbox>
	</object>
	<object>
		<name>lience_plate</name>
		<pose>Unspecified</pose>
		<truncated>0</truncated>
		<difficult>0</difficult>
		<bndbox>
			<xmin>467</xmin>
			<ymin>283</ymin>
			<xmax>472</xmax>
			<ymax>283</ymax>
		</bndbox>
	</object>
</annotation>