<annotation>
	<folder>my-project-name</folder>
	<filename> (1381).jpg</filename>
	<path>/my-project-name/ (1381).jpg</path>
	<source>
		<database>Unspecified</database>
	</source>
	<size>
		<width>640</width>
		<height>640</height>
		<depth>3</depth>
	</size>
	<object>
		<name>lience_plate</name>
		<pose>Unspecified</pose>
		<truncated>0</truncated>
		<difficult>0</difficult>
		<bndbox>
			<xmin>201</xmin>
			<ymin>194</ymin>
			<xmax>406</xmax>
			<ymax>307</ymax>
		</bndbox>
	</object>
</annotation>