<annotation>
	<folder>my-project-name</folder>
	<filename> (1304).jpg</filename>
	<path>/my-project-name/ (1304).jpg</path>
	<source>
		<database>Unspecified</database>
	</source>
	<size>
		<width>640</width>
		<height>640</height>
		<depth>3</depth>
	</size>
	<object>
		<name>lience_plate</name>
		<pose>Unspecified</pose>
		<truncated>0</truncated>
		<difficult>0</difficult>
		<bndbox>
			<xmin>184</xmin>
			<ymin>195</ymin>
			<xmax>469</xmax>
			<ymax>258</ymax>
		</bndbox>
	</object>
</annotation>